Flowcell,000000000-BW6NH,,,,,,,,,
Lane,Sample,Barcode sequence,# of Reads,% of the lane,% Perfect barcode,% One mismatch barcode,Yield (Mbases),% PF Clusters,% >= Q30 bases,Mean Quality Score
,,,,,,,,,,
1,Kit_Perm_Res5X_F1_145,GCGTAGTA+CCTAGAGT,152,0,76.32,23.68,0,100,81.01,33.49
1,Kit_Perm_Res5X_F1_146,GCGTAGTA+GCGTAAGA,1244,0.01,87.3,12.7,0,100,84.6,34.12
1,Kit_Perm_Res5X_F1_147,GCGTAGTA+CTATTAAG,183834,0.77,90.69,9.31,46,100,86.99,34.71
1,Kit_Perm_Res5X_F1_148,GCGTAGTA+AAGGCTAT,992,0,87.5,12.5,0,100,84.86,34.28
1,Kit_Perm_Res5X_F1_149,GCGTAGTA+GAGCCTTA,13540,0.06,91.65,8.35,3,100,84.41,34.07
1,Kit_Perm_Res5X_F1_150,GCGTAGTA+TTATGCGA,5528,0.02,90.12,9.88,1,100,86.99,34.7
1,Kit_Perm_Res5X_F1_151,CGGAGCCT+TCGACTAG,29082,0.12,90.77,9.23,7,100,87.09,34.74
1,Kit_Perm_Res5X_F1_152,CGGAGCCT+TTCTAGCT,358812,1.5,91.49,8.51,90,100,89.94,35.31
1,Kit_Perm_Res5X_F1_153,CGGAGCCT+CCTAGAGT,5192,0.02,89.37,10.63,1,100,88.26,34.98
1,Kit_Perm_Res5X_F1_154,CGGAGCCT+GCGTAAGA,382,0,58.12,41.88,0,100,73.61,31.76
1,Kit_Perm_Res5X_F1_155,CGGAGCCT+CTATTAAG,139612,0.58,91.25,8.75,35,100,87.25,34.84
1,Kit_Perm_Sus1X_F1_1,TAAGGCGA+CTCTCTAT,622,0,59.49,40.51,0,100,74.75,31.95
1,Kit_Perm_Sus1X_F1_2,TAAGGCGA+TATCCTCT,75264,0.31,91.56,8.44,19,100,88.26,35.01
1,Kit_Perm_Sus1X_F1_3,TAAGGCGA+GTAAGGAG,418,0,64.11,35.89,0,100,73.4,31.69
1,Kit_Perm_Sus1X_F1_4,TAAGGCGA+ACTGCATA,1902,0.01,78.65,21.35,0,100,79.05,32.97
1,Kit_Perm_Sus5X_F1_19,CGTACTAG+CGTCTAAT,216,0,58.33,41.67,0,100,73.46,31.68
1,Kit_Perm_Sus5X_F1_20,CGTACTAG+TCTCTCCG,3924,0.02,95.11,4.89,1,100,81.51,33.37
1,Kit_Perm_Sus5X_F1_21,AGGCAGAA+CTCTCTAT,25730,0.11,90.05,9.95,6,100,87.65,34.77
1,Kit_Perm_Sus5X_F1_22,AGGCAGAA+TATCCTCT,7142,0.03,90.42,9.58,2,100,83.71,33.97
1,Kit_Perm_Sus5X_F1_23,AGGCAGAA+GTAAGGAG,24224,0.1,88.53,11.47,6,100,87.02,34.71
1,Kit_Perm_Sus5X_F1_24,AGGCAGAA+ACTGCATA,35572,0.15,90.11,9.89,9,100,85.25,34.35
1,Kit_Perm_Sus5X_F1_25,AGGCAGAA+AAGGAGTA,1284,0.01,84.58,15.42,0,100,82.79,33.7
1,Kit_Perm_Sus5X_F1_26,AGGCAGAA+CTAAGCCT,20214,0.08,91.44,8.56,5,100,83.21,33.91
1,Kit_Perm_Sus5X_F1_27,AGGCAGAA+CGTCTAAT,3148,0.01,93.65,6.35,1,100,80.47,33.19
1,Kit_Perm_Sus5X_F1_28,AGGCAGAA+TCTCTCCG,2716,0.01,94.92,5.08,1,100,77.09,32.42
1,Kit_Perm_Sus5X_F1_29,TCCTGAGC+CTCTCTAT,3230,0.01,88.3,11.7,1,100,88.47,35.09
1,Kit_Perm_Sus5X_F1_30,TCCTGAGC+TATCCTCT,1430,0.01,84.06,15.94,0,100,85.2,34.32
1,Kit_Perm_Sus5X_F1_31,TCCTGAGC+GTAAGGAG,7798,0.03,95.15,4.85,2,100,80.33,33
1,Kit_Perm_Sus5X_F1_32,TCCTGAGC+ACTGCATA,167320,0.7,91.11,8.89,42,100,88.92,35.1
1,Kit_Perm_Sus5X_F1_33,TCCTGAGC+AAGGAGTA,432,0,38.43,61.57,0,100,65.48,29.88
1,Kit_Perm_Sus5X_F1_34,TCCTGAGC+CTAAGCCT,1456,0.01,88.05,11.95,0,100,84.81,34.22
1,Kit_Perm_Sus5X_F1_35,TCCTGAGC+CGTCTAAT,366,0,79.78,20.22,0,100,83.98,34.07
1,Kit_Perm_Sus5X_F1_36,TCCTGAGC+TCTCTCCG,7198,0.03,90.97,9.03,2,100,86.3,34.56
1,Kit_Perm_Sus5X_F1_37,GGACTCCT+CTCTCTAT,930,0,83.01,16.99,0,100,82.03,33.62
1,Kit_Perm_Sus5X_F1_38,GGACTCCT+TATCCTCT,12520,0.05,95.14,4.86,3,100,83.25,33.72
1,Kit_Perm_Sus5X_F1_39,GGACTCCT+GTAAGGAG,87470,0.37,90.28,9.72,22,100,89.11,35.11
1,Kit_Perm_Sus5X_F1_40,GGACTCCT+ACTGCATA,11328,0.05,90.17,9.83,3,100,89.67,35.25
1,Kit_Perm_Sus5X_F1_41,GGACTCCT+AAGGAGTA,1258,0.01,82.35,17.65,0,100,84.77,34.2
1,Kit_Perm_Sus5X_F1_42,GGACTCCT+CTAAGCCT,9874,0.04,92.53,7.47,2,100,85.46,34.35
1,Kit_Perm_Sus5X_F1_43,GGACTCCT+CGTCTAAT,33774,0.14,90.51,9.49,8,100,89.82,35.27
1,Kit_Perm_Sus5X_F1_44,GGACTCCT+TCTCTCCG,23236,0.1,91.11,8.89,6,100,88.94,35.05
1,Kit_Perm_Sus5X_F1_45,TAGGCATG+CTCTCTAT,63326,0.26,90.88,9.12,16,100,89.21,35.14
1,Kit_Perm_Sus5X_F1_46,TAGGCATG+TATCCTCT,7572,0.03,88.11,11.89,2,100,86.53,34.6
1,Kit_Perm_Sus5X_F1_47,TAGGCATG+GTAAGGAG,148434,0.62,90.12,9.88,37,100,86.39,34.61
1,Kit_Perm_Sus5X_F1_48,TAGGCATG+ACTGCATA,2480,0.01,82.82,17.18,1,100,81.92,33.59
1,Kit_Perm_Sus5X_F1_49,TAGGCATG+AAGGAGTA,16756,0.07,87.65,12.35,4,100,85.57,34.4
1,Kit_Perm_Sus5X_F1_50,TAGGCATG+CTAAGCCT,1900,0.01,85.26,14.74,0,100,85.01,34.22
1,Kit_Perm_Sus5X_F1_51,TAGGCATG+CGTCTAAT,242,0,67.77,32.23,0,100,72.8,31.51
1,Kit_Perm_Sus5X_F1_52,TAGGCATG+TCTCTCCG,44730,0.19,90.68,9.32,11,100,89.59,35.22
1,Kit_Perm_Sus5X_F1_53,CTCTCTAC+CTCTCTAT,19940,0.08,77.88,22.12,5,100,82.94,33.79
1,Kit_Perm_Sus5X_F1_54,CTCTCTAC+TATCCTCT,8732,0.04,78.26,21.74,2,100,80.49,33.17
1,Kit_Perm_Sus5X_F1_55,CTCTCTAC+GTAAGGAG,452394,1.89,90.42,9.58,114,100,89,35.1
1,Kit_Perm_Sus5X_F1_56,CTCTCTAC+ACTGCATA,291292,1.22,90.13,9.87,73,100,88.24,34.93
1,Kit_Perm_Sus5X_F1_57,CTCTCTAC+AAGGAGTA,496092,2.08,88.95,11.05,125,100,88.08,34.89
1,Kit_Perm_Sus5X_F1_58,CTCTCTAC+CTAAGCCT,457442,1.91,91.85,8.15,115,100,88.86,35.08
1,Kit_Perm_Sus5X_F1_59,CTCTCTAC+CGTCTAAT,96380,0.4,92.36,7.64,24,100,85.69,34.33
1,Kit_Perm_Sus5X_F1_60,CTCTCTAC+TCTCTCCG,4484,0.02,79.93,20.07,1,100,83.2,33.82
1,Kit_Perm_Sus5X_F1_61,CGAGGCTG+CTCTCTAT,522,0,62.45,37.55,0,100,70.43,31.07
1,Kit_Perm_Sus5X_F1_62,CGAGGCTG+TATCCTCT,5156,0.02,87.74,12.26,1,100,83.44,33.95
1,Kit_Perm_Sus5X_F1_63,CGAGGCTG+GTAAGGAG,1196,0.01,81.61,18.39,0,100,82,33.56
1,Kit_Perm_Sus5X_F1_64,CGAGGCTG+ACTGCATA,418754,1.75,91.36,8.64,105,100,86.34,34.51
1,Kit_Perm_Sus5X_F1_65,CGAGGCTG+AAGGAGTA,1464,0.01,61.2,38.8,0,100,71.86,31.36
1,Kit_Perm_Sus5X_F1_66,CGAGGCTG+CTAAGCCT,1420,0.01,85.63,14.37,0,100,79.74,32.98
1,Kit_Perm_Sus5X_F1_67,CGAGGCTG+CGTCTAAT,15598,0.07,90.05,9.95,4,100,89.11,35.12
1,Kit_Perm_Sus5X_F1_68,CGAGGCTG+TCTCTCCG,20298,0.08,90.76,9.24,5,100,88.3,34.97
1,Kit_Unex_F1_235,CGATCAGT+TTATGCGA,610,0,84.59,15.41,0,100,87.03,34.76
1,Kit_Unex_F1_236,TGCAGCTA+TCGACTAG,136,0,45.59,54.41,0,100,69.5,30.85
1,Kit_Unex_F1_237,TGCAGCTA+TTCTAGCT,78,0,41.03,58.97,0,100,71.11,31.24
1,Kit_Unex_F1_238,TGCAGCTA+CCTAGAGT,62,0,45.16,54.84,0,100,65.46,29.98
1,Kit_Unex_F1_239,TGCAGCTA+GCGTAAGA,3280,0.01,90.12,9.88,1,100,83.13,33.81
1,Kit_Unex_F1_240,TGCAGCTA+CTATTAAG,197152,0.82,91.57,8.43,49,100,89.21,35.19
1,NoTemp_ExtractCtrl_1,ACTCGCTA+CGTCTAAT,1026,0,31.38,68.62,0,100,68.77,30.63
1,NoTemp_ExtractCtrl_2,ACTCGCTA+TCTCTCCG,1182,0,21.32,78.68,0,100,64.09,29.63
1,NoTemp_ExtractCtrl_3,GGAGCTAC+CTCTCTAT,758,0,40.37,59.63,0,100,53.31,27.31
1,NoTemp_ExtractCtrl_4,GGAGCTAC+TATCCTCT,836,0,29.19,70.81,0,100,52.69,27.19
1,NoTemp_PCRCtrl_1,GGAGCTAC+AAGGAGTA,822,0,27.49,72.51,0,100,51.82,27.03
1,NoTemp_PCRCtrl_2,GGAGCTAC+CTAAGCCT,360,0,30.56,69.44,0,100,52.76,27.21
1,NoTemp_PCRCtrl_3,GGAGCTAC+CGTCTAAT,238,0,38.66,61.34,0,100,55.29,27.73
1,NoTemp_PCRCtrl_4,GGAGCTAC+TCTCTCCG,206,0,18.45,81.55,0,100,48.61,26.3
1,Washwater_NegCtrl_1,TCGACGTC+GCGTAAGA,38,0,52.63,47.37,0,100,71.55,31.27
1,Washwater_NegCtrl_10,ACTCGCTA+AAGGAGTA,2656,0.01,28.46,71.54,1,100,59.86,28.78
1,Washwater_NegCtrl_11,ACTCGCTA+CTAAGCCT,1646,0.01,29.53,70.47,0,100,62.46,29.3
1,Washwater_NegCtrl_2,TCGACGTC+CTATTAAG,1126,0,87.74,12.26,0,100,86.91,34.74
1,Washwater_NegCtrl_3,TCGACGTC+AAGGCTAT,4188,0.02,88.16,11.84,1,100,88.43,35.04
1,Washwater_NegCtrl_4,TCGACGTC+GAGCCTTA,1136,0,89.79,10.21,0,100,88.26,35.05
1,Washwater_NegCtrl_5,TCGACGTC+TTATGCGA,1000,0,89,11,0,100,85.96,34.49
1,Washwater_NegCtrl_6,ACTCGCTA+CTCTCTAT,4740,0.02,24.89,75.11,1,100,69.83,30.88
1,Washwater_NegCtrl_7,ACTCGCTA+TATCCTCT,2680,0.01,32.01,67.99,1,100,66.07,30.07
1,Washwater_NegCtrl_8,ACTCGCTA+GTAAGGAG,1638,0.01,27.72,72.28,0,100,63.23,29.47
1,Washwater_NegCtrl_9,ACTCGCTA+ACTGCATA,4674,0.02,29.48,70.52,1,100,66.25,30.14
